BEJSRTW020,BEJSRTL072
BEJSRTW020,BEJSRTL073
BEJSRTW020,BEJSRTL074
BEJSRTW020,BEJSRTL075
BEJSRTW020,BEJSRTL076
BEJSRTW020,BEJSRTL077
BEJSRTW020,BEJSRTL078
BEJSRTW020,BEJSRTL079
BEJSRTW020,BEJSRTL080
BEJSRTW020,BEJSRTL081
BEJSRTW020,BEJSRTL082
BEJSRTW020,BEJSRTL083
BEJSRTW021,BEJSRTL084
BEJSRTW021,BEJSRTL085
BEJSRTW021,BEJSRTL086
BEJSRTW021,BEJSRTL087
BEJSRTW021,BEJSRTL088
BEJSRTW021,BEJSRTL089
BEJSRTW021,BEJSRTL090
BEJSRTW021,BEJSRTL091
BEJSRTW021,BEJSRTL092
BEJSRTW022,BEJSRTL093
BEJSRTW022,BEJSRTL094
BEJSRTW022,BEJSRTL095
BEJSRTW022,BEJSRTL096
BEJSRTW022,BEJSRTL097
BEJSRTW022,BEJSRTL098
BEJSRTW022,BEJSRTL099
BEJSRTW047,BEJSRTL060
BEJSRTW047,BEJSRTL061
BEJSRTW047,BEJSRTL062
BEJSRTW047,BEJSRTL063
BEJSRTW047,BEJSRTL064
BEJSRTW047,BEJSRTL065
BEJSRTW047,BEJSRTL066
BEJSRTW047,BEJSRTL067
BEJSRTW047,BEJSRTL068
BEJSRTW047,BEJSRTL069
BEJSRTW047,BEJSRTL070
BEJSRTW047,BEJSRTL071
BEJSRTW049,BEJSRTL052
BEJSRTW049,BEJSRTL053
BEJSRTW049,BEJSRTL054
BEJSRTW049,BEJSRTL055
BEJSRTW049,BEJSRTL056
BEJSRTW049,BEJSRTL057
BEJSRTW049,BEJSRTL058
BEJSRTW049,BEJSRTL059
BEJSRTW051,BEJSRTL041
BEJSRTW051,BEJSRTL042
BEJSRTW051,BEJSRTL043
BEJSRTW051,BEJSRTL044
BEJSRTW051,BEJSRTL045
BEJSRTW051,BEJSRTL046
BEJSRTW051,BEJSRTL047
BEJSRTW051,BEJSRTL048
BEJSRTW051,BEJSRTL049
BEJSRTW079,BEJSRTL033
BEJSRTW079,BEJSRTL034
BEJSRTW079,BEJSRTL035
BEJSRTW079,BEJSRTL036
BEJSRTW079,BEJSRTL037
BEJSRTW079,BEJSRTL038
BEJSRTW079,BEJSRTL039
BEJSRTW079,BEJSRTL040
